Effort Level,Left Wheel Linear Speed (cm/s),Right Wheel Linear Speed (cm/s)
0.25,2.0876822,2.0675438
0.5,2.9670598,3.0073364
0.75,3.2959874,3.36982768
1.0,3.718894,3.4973716
