Effort Level,Left Wheel Linear Speed (cm/s),Right Wheel Linear Speed (cm/s)
0.25,1.2888585,1.4231145
0.5,2.2756412,2.2152256
0.75,3.0006234,3.0341882
1.0,3.235572,3.2422846
