Effort Level,Left Wheel Linear Speed (cm/s),Right Wheel Linear Speed (cm/s)
0.25,35.282504,36.89357
0.5,63.959604,64.442924
0.75,74.75379,76.042652
1.0,81.842516,83.614712
